,KT,Inst,Adr,Ort,Typ,Full_adr,coords
0,AG,Kantonsspital Aarau AG,Tellstrasse 25,5000 Aarau,K112,Tellstrasse 25 5000 Aarau,"('47.38837665', '8.060297010142904')"
1,AG,Kantonsspital Baden AG,Im Ergel,5404 Baden,K112,Im Ergel 5404 Baden,"('47.4552657', '8.2820535')"
2,AG,Hirslanden Klinik Aarau,Schänisweg 1,5000 Aarau,K112,Schänisweg 1 5000 Aarau,"('47.3911754', '8.0419288')"
3,AG,Gesundheitszentrum Fricktal,Riburgerstrasse 12,4310 Rheinfelden,K121,Riburgerstrasse 12 4310 Rheinfelden,"('47.55611585', '7.807021507134829')"
4,AG,Stiftung Spital Muri,Spitalstrasse 144,5630 Muri AG,K121,Spitalstrasse 144 5630 Muri AG,"('47.27781555', '8.329914342514007')"
5,AG,Spital Zofingen AG,Mühlethalstrasse 27,4800 Zofingen,K122,Mühlethalstrasse 27 4800 Zofingen,"('47.2967132', '7.9482812')"
6,AG,Asana Spital Leuggern AG,Kommendeweg 12,5316 Leuggern,K122,Kommendeweg 12 5316 Leuggern,"('47.580670049999995', '8.217230714423827')"
7,AG,Asana Spital Menziken AG,Spitalstrasse 1,5737 Menziken,K122,Spitalstrasse 1 5737 Menziken,"('47.24591665', '8.190400861828497')"
8,AG,Psychiatrische Dienste Aargau AG,Königsfelderstrasse 1,5210 Windisch,K211,Königsfelderstrasse 1 5210 Windisch,"('47.4812712', '8.21666986429831')"
9,AG,Schützen Rheinfelden AG Klinik & Ambulatorium,Bahnhofstrasse 19,4310 Rheinfelden,K212,Bahnhofstrasse 19 4310 Rheinfelden,"('47.5531386', '7.7923915')"
10,AG,Klinik Im Hasel AG,Hasel 837,5728 Gontenschwil,K212,Hasel 837 5728 Gontenschwil,"('47.2669639', '8.1228707')"
11,AG,entero Klinik Drogenentzug / Übergang / Krisenintervention,Zürcherstrasse 52,5432 Neuenhof,K212,Zürcherstrasse 52 5432 Neuenhof,"('47.4535839', '8.3176561')"
12,AG,ZURZACH Care Klinik für Schlafmedizin,Badstrasse 33,5330 Bad Zurzach,K212,Badstrasse 33 5330 Bad Zurzach,"('47.590733', '8.287540426221376')"
13,AG,Klinik Barmelweid AG,,5017 Barmelweid,K221,nan 5017 Barmelweid,"('47.4211866', '7.971891565924424')"
14,AG,Rehaklinik Bellikon,Mutschellenstrasse 2,5454 Bellikon,K221,Mutschellenstrasse 2 5454 Bellikon,"('47.3882246', '8.3433652')"
15,AG,ZURZACH Care Rehaklinik Bad Zurzach,Quellenstrasse 34,5330 Bad Zurzach,K221,Quellenstrasse 34 5330 Bad Zurzach,"('47.5901311', '8.288297494893898')"
16,AG,Reha Rheinfelden,Salinenstrasse 98,4310 Rheinfelden,K221,Salinenstrasse 98 4310 Rheinfelden,"('47.55893485', '7.807433411459417')"
17,AG,aarReha Schinznach Zentrum für Rehabilitation,Badstrasse 55,5116 Schinznach Bad,K221,Badstrasse 55 5116 Schinznach Bad,"('47.4578027', '8.1644824')"
18,AG,ZURZACH Care Rehaklinik Baden,Bäderstrasse 16,5401 Baden,K221,Bäderstrasse 16 5401 Baden,"('47.4789147', '8.3121057')"
19,AG,Bad Schinznach AG - Privat-Klinik Im Park,Badstrasse 50,5116 Schinznach Bad,K221,Badstrasse 50 5116 Schinznach Bad,"('47.457870400000004', '8.166513456261182')"
20,AG,Privatklinik SALINA Salina Medizin AG,Roberstenstrasse 31,4310 Rheinfelden,K221,Roberstenstrasse 31 4310 Rheinfelden,"('47.5588776', '7.7995346')"
21,AG,SMN - Klinik Villa im Park,Bernstrasse 84,4852 Rothrist,K231,Bernstrasse 84 4852 Rothrist,"('47.3051567', '7.8945119')"
22,AI,Hof Weissbad AG Nachbehandlungs-Zentrum,Im Park 1,9057 Weissbad,K221,Im Park 1 9057 Weissbad,"('47.3094656', '9.4331366')"
23,AR,Spitalverbund Appenzell Ausserrhoden,Krombach 3,9100 Herisau,K121,Krombach 3 9100 Herisau,"('47.38597575', '9.264421970474778')"
24,AR,Klinik Gais AG - Ein Haus der Kliniken Valens,Gäbrisstrasse 1172,9056 Gais,K221,Gäbrisstrasse 1172 9056 Gais,"('47.3715024', '9.473606766490686')"
25,AR,Stiftung Kliniken Valens - Rheinburg-Klinik,Dorf,9428 Walzenhausen,K221,Dorf 9428 Walzenhausen,"('47.4510035', '9.6023439')"
26,AR,Berit Klinik AG,Vögelinsegg 5,9042 Speicher,K231,Vögelinsegg 5 9042 Speicher,"('47.4153478', '9.4375127')"
27,AR,Hirslanden Klinik Am Rosenberg AG,Hasenbühlstrasse 11,9410 Heiden,K231,Hasenbühlstrasse 11 9410 Heiden,"('47.446422600000005', '9.52694528015818')"
28,BE,Insel Gruppe AG (universitär),Freiburgstrasse 18,3010 Bern,K111,Freiburgstrasse 18 3010 Bern,"('46.94726285', '7.424695862081923')"
29,BE,Lindenhofgruppe AG,Bremgartenstrasse 117,3012 Bern,K112,Bremgartenstrasse 117 3012 Bern,"('46.9589937', '7.4274017')"
30,BE,Insel Gruppe AG (nicht-universitär),Freiburgstrasse 18,3010 Bern,K112,Freiburgstrasse 18 3010 Bern,"('46.94726285', '7.424695862081923')"
31,BE,Spital STS AG,Krankenhausstrasse 12,3600 Thun,K112,Krankenhausstrasse 12 3600 Thun,"('46.7608067', '7.6319532')"
32,BE,Regionalspital Emmental AG,Oberburgstrasse 54,3400 Burgdorf,K112,Oberburgstrasse 54 3400 Burgdorf,"('47.0491992', '7.6212625')"
33,BE,Hirslanden Bern AG,Schänzlihalde 11,3013 Bern,K112,Schänzlihalde 11 3013 Bern,"('46.9528499', '7.4480636')"
34,BE,Spitalzentrum Biel AG,Vogelsang 84,2502 Biel/Bienne,K112,Vogelsang 84 2502 Biel/Bienne,"('47.146928849999995', '7.245211526908921')"
35,BE,Spitäler Frutigen Meiringen Interlaken AG,Weissenaustrasse 27,3800 Unterseen,K112,Weissenaustrasse 27 3800 Unterseen,"('46.680328450000005', '7.842890993670142')"
36,BE,SRO AG,St. Urbanstrasse 67,4900 Langenthal,K112,St. Urbanstrasse 67 4900 Langenthal,"('47.215598', '7.7922831')"
37,BE,Hirslanden Klinik Linde AG,Blumenrain 105,2503 Biel,K121,Blumenrain 105 2503 Biel,"('47.1331853', '7.263110562734056')"
38,BE,Hôpital de Moutier SA,Beausite 49,2740 Moutier,K123,Beausite 49 2740 Moutier,"('47.282062350000004', '7.374343285221076')"
39,BE,Stiftung Diaconis Palliative Care,Schänzlistrasse 15,3013 Bern,K123,Schänzlistrasse 15 3013 Bern,"('46.952377', '7.4564982')"
40,BE,Universitäre Psychiatrische Dienste Bern (UPD) AG,Bolligenstrasse 111,3072 Ostermundigen,K211,Bolligenstrasse 111 3072 Ostermundigen,"('46.965262800000005', '7.485313351102796')"
41,BE,PZM Psychiatriezentrum Münsingen AG,Hunzigenallee 1,3110 Münsingen,K211,Hunzigenallee 1 3110 Münsingen,"('46.88093805', '7.552581130707198')"
42,BE,Privatklinik Reichenbach bei Meiringen AG,Willigen,3860 Meiringen,K211,Willigen 3860 Meiringen,"(46.71968392936809, 8.187032913726041)"
43,BE,Hôpital du Jura bernois SA,Les Fontenayes 17,2610 St­Imier,K212,Les Fontenayes 17 2610 St­Imier,"(47.14826012019042, 6.983251456874216)"
44,BE,Privatklinik Wyss AG,Fellenbergstrasse 32,3053 Münchenbuchsee,K212,Fellenbergstrasse 32 3053 Münchenbuchsee,"('47.017974949999996', '7.45074345389478')"
45,BE,Stiftung südhang Klinik für Suchttherapien,Südhang 1,3038 Kirchlindach,K212,Südhang 1 3038 Kirchlindach,"('47.002251400000006', '7.410586176583767')"
46,BE,Stiftung für ganzheitliche Medizin,Weissensteinstrasse 30,4900 Langenthal,K212,Weissensteinstrasse 30 4900 Langenthal,"('47.2183763', '7.77440142496571')"
47,BE,Klinik Wysshölzli Marie Sollberger-Stiftung,Waldrandweg 19,3360 Herzogenbuchsee,K212,Waldrandweg 19 3360 Herzogenbuchsee,"('47.184948649999995', '7.715617750000003')"
48,BE,Stiftung Klinik Selhofen,Emmentalstrasse 8,3400 Burgdorf,K212,Emmentalstrasse 8 3400 Burgdorf,"('47.0549885', '7.626396368204205')"
49,BE,Interessengemeinschaft Sozialpsychiatrie IGS (Verein),Bühlstrasse 19a,3012 Bern,K212,Bühlstrasse 19a 3012 Bern,"('46.9501893', '7.4288782')"
50,BE,Berner Reha Zentrum AG,Schwendi 303,3625 Heiligenschwendi,K221,Schwendi 303 3625 Heiligenschwendi,"('46.74975875', '7.693884822480866')"
51,BE,Klinik Schönberg AG,Schönbergstrasse 40,3654 Gunten,K221,Schönbergstrasse 40 3654 Gunten,"('46.71449895', '7.698951163314904')"
52,BE,Berner Klinik Montana (Stiftung) c/o Gebert Rechtsanwälte AG,Spitalackerstrasse 74,3011 Bern,K221,Spitalackerstrasse 74 3011 Bern,"('46.9573138', '7.451377')"
53,BE,Fürsorgeverein Bethesda,Oberdorf,3233 Tschugg,K221,Oberdorf 3233 Tschugg,"('47.0262099', '7.0735173')"
54,BE,Rehaklinik Hasliberg AG,Laueli 89b,6083 Hasliberg Hohfluh,K221,Laueli 89b 6083 Hasliberg Hohfluh,"('46.747555', '8.181684691618724')"
55,BE,Kurklinik Eden AG,Panoramastrasse 20,3854 Oberried am Brienzersee,K221,Panoramastrasse 20 3854 Oberried am Brienzersee,"('46.7386457', '7.9649484')"
56,BE,SMN - Privatklinik Siloah,Worbstrasse 316,3073 Gümligen,K231,Worbstrasse 316 3073 Gümligen,"('46.931987199999995', '7.517883883753505')"
57,BE,Klinik Hohmad AG,Hohmadstrasse 1,3600 Thun,K231,Hohmadstrasse 1 3600 Thun,"('46.7498818', '7.625319')"
58,BE,Geburtshaus Luna AG,Oberdorfstrasse 56,3072 Ostermundigen,K232,Oberdorfstrasse 56 3072 Ostermundigen,"('46.9543305', '7.4905336')"
59,BE,Genossenschaft Geburtshaus Simmental-Saaneland - Maternité Alpine,Eggetlistrasse 5a,3770 Zweisimmen,K232,Eggetlistrasse 5a 3770 Zweisimmen,"('46.56061365', '7.373960550630693')"
60,BE,Siloah AG,Worbstrasse 316,3073 Gümligen,K234,Worbstrasse 316 3073 Gümligen,"('46.931987199999995', '7.517883883753505')"
61,BL,Kantonsspital Baselland,Mühlemattstrasse 26,4410 Liestal,K112,Mühlemattstrasse 26 4410 Liestal,"('47.4898794', '7.730094162269469')"
62,BL,Hospiz im Park,Stollenrain 12,4144 Arlesheim,K123,Stollenrain 12 4144 Arlesheim,"('47.491915000000006', '7.613321373380757')"
63,BL,Psychiatrie Baselland,Bienentalstrasse 7,4410 Liestal,K211,Bienentalstrasse 7 4410 Liestal,"('47.4882855', '7.7210869')"
64,BL,Klinik Arlesheim AG,Pfeffingerweg 1,4144 Arlesheim,K212,Pfeffingerweg 1 4144 Arlesheim,"('47.493906249999995', '7.614607745131486')"
65,BL,Klinik ESTA,Gstadstrasse 42,4153 Reinach BL,K212,Gstadstrasse 42 4153 Reinach BL,"('47.489262800000006', '7.602699573958878')"
66,BL,Hirslanden Klinik Birshof,Reinacherstrasse 28,4142 Münchenstein,K231,Reinacherstrasse 28 4142 Münchenstein,"('47.5275883', '7.604969')"
67,BL,Praxisklinik Rennbahn AG,Kriegackerstrasse 100,4132 Muttenz,K231,Kriegackerstrasse 100 4132 Muttenz,"('47.5354867', '7.633952')"
68,BL,Geburtshaus Tagmond GmbH,Liestalerstrasse 21,4133 Pratteln,K232,Liestalerstrasse 21 4133 Pratteln,"('47.51768104999999', '7.701952025348425')"
69,BL,Geburtshaus ambra GmbH,Unterdorfstrasse 25,4443 Wittinsburg,K232,Unterdorfstrasse 25 4443 Wittinsburg,"('47.4238285', '7.84158285')"
70,BL,Ergolz-Klinik,Hammerstrasse 35,4410 Liestal,K235,Hammerstrasse 35 4410 Liestal,"('47.49939095', '7.72500225')"
71,BL,Vista Klinik,Hauptstrasse 55,4102 Binningen,K235,Hauptstrasse 55 4102 Binningen,"('47.5422375', '7.574842')"
72,BS,Universitätsspital Basel,Hebelstrasse 32,4031 Basel,K111,Hebelstrasse 32 4031 Basel,"('47.5610301', '7.5814424')"
73,BS,St. Claraspital,Kleinriehenstrasse 30,4058 Basel,K112,Kleinriehenstrasse 30 4058 Basel,"('47.5660861', '7.6143543728673375')"
74,BS,Bethesda Spital AG,Gellertstrasse 144,4052 Basel,K122,Gellertstrasse 144 4052 Basel,"('47.5476037', '7.6171229')"
75,BS,Universitäre Psychiatrische Kliniken Basel,Wilhelm­Klein­Strasse 27,4056 Basel,K211,Wilhelm­Klein­Strasse 27 4056 Basel,"('47.57089215', '7.5649876321731675')"
76,BS,Klinik Sonnenhalde,Gänshaldenweg 22,4125 Riehen,K212,Gänshaldenweg 22 4125 Riehen,"('47.5846112', '7.6572271')"
77,BS,REHAB Basel,Im Burgfelderhof 40,4055 Basel,K221,Im Burgfelderhof 40 4055 Basel,"('47.5724786', '7.559532')"
78,BS,ZURZACH Care Rehaklinik Basel,Hirzbrunnenstrasse 50/52,4058 Basel,K221,Hirzbrunnenstrasse 50/52 4058 Basel,"('47.5645722', '7.6180365')"
79,BS,Merian Iselin Klinik,Föhrenstrasse 2,4054 Basel,K231,Föhrenstrasse 2 4054 Basel,"('47.55557195', '7.569562236493466')"
80,BS,Matthea Geburtshaus,Klybeckstrasse 64/70,4057 Basel,K232,Klybeckstrasse 64/70 4057 Basel,"('47.5712094', '7.5901747')"
81,BS,Universitäts-Kinderspital beider Basel (UKBB),Spitalstrasse 33,4056 Basel,K233,Spitalstrasse 33 4056 Basel,"('47.5636504', '7.581592648379475')"
82,BS,Felix Platter-Spital,Burgfelderstrasse 101,4055 Basel,K234,Burgfelderstrasse 101 4055 Basel,"('47.5656961', '7.5654298')"
83,BS,Adullam Spital,Mittlere Strasse 15,4056 Basel,K234,Mittlere Strasse 15 4056 Basel,"('47.56011665', '7.57964229310636')"
84,BS,Palliativzentrum Hildegard,St. Alban­Ring 151,4052 Basel,K235,St. Alban­Ring 151 4052 Basel,"('47.550274', '7.6108859')"
85,BS,SMN - Schmerzklinik Basel,Hirschgässlein 11,4051 Basel,K235,Hirschgässlein 11 4051 Basel,"('47.5511839', '7.5932324')"
86,FR,HFR - Hôpital fribourgeois,Case postale,1708 Fribourg,K112,Case postale 1708 Fribourg,"(46.80139405725645, 7.136835287834231)"
87,FR,Hôpital Jules Daler,Route de Bertigny 34,1700 Fribourg,K122,Route de Bertigny 34 1700 Fribourg,"('46.80092175', '7.140799252541637')"
88,FR,Réseau fribourgeois de santé mentale - RFSM Centre de soins hospitaliers,L'Hôpital 140,1633 Marsens,K211,L'Hôpital 140 1633 Marsens,"('46.6572499', '7.0659274')"
89,FR,SMN - Clinique Générale - Ste-Anne SA,Rue Hans­Geiler 6,1700 Fribourg,K231,Rue Hans­Geiler 6 1700 Fribourg,"(46.79978782994978, 7.154409265429489)"
90,FR,Maison de Naissance le Petit Prince,Route du Petit­Moncor 1d,1752 Villars­sur­Glâne,K232,Route du Petit­Moncor 1d 1752 Villars­sur­Glâne,"('46.7987766', '7.1194386')"
91,GE,Les Hôpitaux Universitaires de Genève HUG,Rue Gabrielle­Perret­Gentil 4,1205 Genève,K111,Rue Gabrielle­Perret­Gentil 4 1205 Genève,"(46.19363452459883, 6.149192483447256)"
92,GE,Hôpital de la Tour,Avenue Jacob­Daniel Maillard 3,1217 Meyrin,K121,Avenue Jacob­Daniel Maillard 3 1217 Meyrin,"('46.2290062', '6.066667')"
93,GE,Clinique des Grangettes SA,Chemin des Grangettes 7,1224 Chêne­Bougeries,K122,Chemin des Grangettes 7 1224 Chêne­Bougeries,"(46.199204703106055, 6.181690422377986)"
94,GE,Clinique Générale-Beaulieu,Chemin de Beau­Soleil 20,1206 Genève,K122,Chemin de Beau­Soleil 20 1206 Genève,"('46.188739049999995', '6.16190121622039')"
95,GE,ArKa SA,Route de Chancy 98,1213 Onex,K123,Route de Chancy 98 1213 Onex,"('46.18587035', '6.104835472528901')"
96,GE,Clinique du Grand-Salève Sàrl,Avenue du Grand-Salève 2,1255 Veyrier,K212,Avenue du Grand-Salève 2 1255 Veyrier,"('46.1675187', '6.1825024')"
97,GE,Clinique Belmont,Route de Chêne 26,1207 Genève,K212,Route de Chêne 26 1207 Genève,"('46.1998987', '6.1657653')"
98,GE,Clinique Les Hauts d'Anières,Chemin des Courbes 9,1247 Anières,K221,Chemin des Courbes 9 1247 Anières,"('46.280065', '6.2296675')"
99,GE,Clinique de Maisonneuve SA,Avenue de Châtelaine 60­62,1219 Châtelaine,K221,Avenue de Châtelaine 60­62 1219 Châtelaine,"('46.2112066', '6.1115587')"
100,GE,Clinique la Colline,Avenue de Beau­Séjour 6,1206 Genève,K231,Avenue de Beau­Séjour 6 1206 Genève,"('46.1914501', '6.1502936')"
101,GE,Clinique de la Plaine,Rue Charles­Humbert 5,1205 Genève,K231,Rue Charles­Humbert 5 1205 Genève,"('45.80249055', '3.1086000695422538')"
102,GE,Nouvelle Clinique Vert-Pré,Chemin de la Colombe 15,1231 Conches,K231,Chemin de la Colombe 15 1231 Conches,"('46.187635', '6.177412066203876')"
103,GE,Clinique des Vergers SA,Chemin de la Planche 1,1217 Meyrin,K231,Chemin de la Planche 1 1217 Meyrin,"('46.2311781', '6.0653537')"
104,GE,Maison de naissance La Roseraie,Chemin du Châtelet 3,1205 Genève,K232,Chemin du Châtelet 3 1205 Genève,"('46.1893222', '6.14761035')"
105,GL,Kantonsspital Glarus,Burgstrasse 99,8750 Glarus,K121,Burgstrasse 99 8750 Glarus,"('47.0448846', '9.0646433')"
106,GL,ZURZACH Care Rehaklinik Braunwald,Niederschlachtstrasse 12,8784 Braunwald,K212,Niederschlachtstrasse 12 8784 Braunwald,"('46.9357327', '8.9948243')"
107,GL,ZURZACH Care Rehaklinik Glarus,Burgstrasse 99,8750 Glarus,K221,Burgstrasse 99 8750 Glarus,"('47.0448846', '9.0646433')"
108,GR,Kantonsspital Graubünden,Loestrasse 170,7000 Chur,K112,Loestrasse 170 7000 Chur,"('46.86370565', '9.539673779882296')"
109,GR,Spital Oberengadin,Via Nouva 3,7503 Samedan,K122,Via Nouva 3 7503 Samedan,"('46.540312549999996', '9.878847734210524')"
110,GR,Flury Stiftung Spital Schiers,,7220 Schiers,K122,nan 7220 Schiers,"(46.97107049214848, 9.686170112322174)"
111,GR,Regionalspital Surselva AG,Spitalstrasse 6,7130 Ilanz,K122,Spitalstrasse 6 7130 Ilanz,"('46.776986', '9.205297447345988')"
112,GR,Spital Davos AG Akutabteilung,Promenade 4,7270 Davos Platz,K122,Promenade 4 7270 Davos Platz,"('46.7872264', '9.8132019')"
113,GR,Center da Sanda Engiadina Bassa Ospidal d'Engiadina Bassa,Via da l'Ospidal 280,7550 Scuol,K123,Via da l'Ospidal 280 7550 Scuol,"('46.799902', '10.303854363309597')"
114,GR,Spital Thusis,Alte Strasse 31,7430 Thusis,K123,Alte Strasse 31 7430 Thusis,"('46.6970395', '9.436938')"
115,GR,Centro Sanitario Valposchiavo Ospedale San Sisto,Via da li Clüsüri 1,7742 Poschiavo,K123,Via da li Clüsüri 1 7742 Poschiavo,"('46.322649299999995', '10.0620316765029')"
116,GR,Center da Sanadad Savognin SA,Stradung 52,7460 Savognin,K123,Stradung 52 7460 Savognin,"('46.595190450000004', '9.600636029194133')"
117,GR,Center da Sanda Val Müstair Akutabteilung,Sielva,7536 Sta. Maria V. M.,K123,Sielva 7536 Sta. Maria V. M.,"(46.60681979477326, 10.432763376836652)"
118,GR,Centro Sanitario Bregaglia Reparto Acuto,Flin,7606 Promontogno,K123,Flin 7606 Promontogno,"('46.3369846', '9.5446795')"
119,GR,Psychiatrische Dienste Graubünden,Loestrasse 220,7000 Chur,K211,Loestrasse 220 7000 Chur,"('46.869599750000006', '9.540769678169834')"
120,GR,Clinica Holistica Engiadina SA,Plaz 40,7542 Susch,K212,Plaz 40 7542 Susch,"('46.74931115', '10.07946303930705')"
121,GR,Hochgebirgsklinik Davos AG,Herman­Burchard­Strasse 1,7265 Davos Wolfgang,K221,Herman­Burchard­Strasse 1 7265 Davos Wolfgang,"(46.829117371129165, 9.856091654644889)"
122,GR,Rehabilitationszentrum Seewis Klinik für Herz- & Kreislauferkrankungen,Schlossstrasse 1,7212 Seewis Dorf,K221,Schlossstrasse 1 7212 Seewis Dorf,"('46.9891538', '9.6370985')"
123,GR,reha andeer ag Rehabilitationsklinik,Veia Granda,7440 Andeer,K221,Veia Granda 7440 Andeer,"('46.5977087', '9.4291268')"
124,GR,Klinik Gut St. Moritz AG,Via Arona 34,7500 St. Moritz,K231,Via Arona 34 7500 St. Moritz,"('46.496527650000004', '9.838331005811192')"
125,JU,Hôpital du Jura,Chemin de l'Hôpital 9a,2900 Porrentruy,K121,Chemin de l'Hôpital 9a 2900 Porrentruy,"('47.419747', '7.0598759')"
126,JU,Clinique le Noirmont,Chemin de Roc­Montès 20,2340 Le Noirmont,K221,Chemin de Roc­Montès 20 2340 Le Noirmont,"('47.230651300000005', '6.9599282785571805')"
127,JU,Maison de naissance Les Cigognes,Route Principale 21,2824 Vicques,K232,Route Principale 21 2824 Vicques,"('47.348674', '7.4116378')"
128,LU,LUKS Spitalbetriebe AG,Spitalstrasse,6004 Luzern,K112,Spitalstrasse 6004 Luzern,"('47.0592433', '8.3017968')"
129,LU,Hirslanden Klinik St. Anna AG,St. Anna­Strasse 32,6006 Luzern,K112,St. Anna­Strasse 32 6006 Luzern,"('47.058188', '8.325621016458957')"
130,LU,Luzerner Psychiatrie AG,Schafmattstrasse 1,4915 St. Urban,K211,Schafmattstrasse 1 4915 St. Urban,"('47.232326', '7.8397734')"
131,LU,Therapiezentrum Meggen Fachklinik für Suchtkrankheiten,Rütliweg 1,6045 Meggen,K212,Rütliweg 1 6045 Meggen,"('47.050333800000004', '8.365450274780526')"
132,LU,Luzerner Höhenklinik Montana AG,Route de l'Astoria 2,3963 Crans-Montana,K221,Route de l'Astoria 2 3963 Crans-Montana,"('46.316934849999996', '7.497516128263182')"
133,LU,Zurzach Care Rehaklinik Sonnmatt Luzern,Hemschlenstrasse,6006 Luzern,K221,Hemschlenstrasse 6006 Luzern,"('47.0602446', '8.3500065')"
134,LU,cereneo Schweiz AG Neurorehabilitationsklinik,Hertensteinstrasse 162,6353 Weggis,K221,Hertensteinstrasse 162 6353 Weggis,"('47.0271737', '8.4030861')"
135,LU,cereneo International AG Neurorehabilitationsklinik,Seestrasse 18,6354 Vitznau,K221,Seestrasse 18 6354 Vitznau,"('47.0150542', '8.4778751')"
136,LU,Geburtshaus Terra Alta,Schellenrain 20,6208 Oberkirch LU,K232,Schellenrain 20 6208 Oberkirch LU,"('47.1618919', '8.09950170712488')"
137,LU,Schweizer Paraplegiker-Zentrum Nottwil AG,Guido A. Zäch Strasse 1,6207 Nottwil,K235,Guido A. Zäch Strasse 1 6207 Nottwil,"('47.14208775', '8.13123157034872')"
138,NE,Réseau hospitalier neuchâtelois RHNe,Maladière 45,2000 Neuchâtel,K112,Maladière 45 2000 Neuchâtel,"('46.996919199999994', '6.942923586966937')"
139,NE,Clinique Volta SA,Rue Numa-Droz 185,2300 La Chaux­de­Fonds,K123,Rue Numa-Droz 185 2300 La Chaux­de­Fonds,"(47.096225471147584, 6.814894512328645)"
140,NE,CNP Centre Neuchâtelois de psychiatrie,,2017 Boudry,K212,nan 2017 Boudry,"('47.005933', '7.0077443')"
141,NE,SMN - Neuchâtel,Faubourg de l'Hôpital 81,2000 Neuchâtel,K231,Faubourg de l'Hôpital 81 2000 Neuchâtel,"('46.995264500000005', '6.939481109287068')"
142,NE,Maison de Naissance Tilia Sàrl,Chemin des Valangines 9,2000 Neuchâtel,K232,Chemin des Valangines 9 2000 Neuchâtel,"('46.991889799999996', '6.912422150000002')"
143,NW,Spital Nidwalden AG,Ennetmooserstrasse 19,6370 Stans,K122,Ennetmooserstrasse 19 6370 Stans,"('46.95979525', '8.35741871365245')"
144,NW,Bürgenstock Hotels AG - Waldhotel Health & Medical Excellence Rehabilitationsklinik,Bürgenstock 30,6363 Obbürgen,K221,Bürgenstock 30 6363 Obbürgen,"('46.9821472', '8.3626315')"
145,NW,Geburtshaus Stans GmbH,Hansmatt 13a,6370 Stans,K232,Hansmatt 13a 6370 Stans,"('46.9681932', '8.3525733')"
146,OW,Kantonsspital Obwalden,Brünigstrasse 181,6060 Sarnen,K121,Brünigstrasse 181 6060 Sarnen,"('46.89010145', '8.245954888352859')"
147,SG,Kantonsspital St. Gallen,Rorschacher Strasse 95,9007 St. Gallen,K112,Rorschacher Strasse 95 9007 St. Gallen,"('47.430687199999994', '9.387328766821327')"
148,SG,Spitalregion Rheintal Werdenberg Sarganserland,Alte Landstrasse 106,9445 Rebstein,K112,Alte Landstrasse 106 9445 Rebstein,"('47.3967933', '9.5790683')"
149,SG,Spitalregion Fürstenland Toggenburg,Fürstenlandstrasse 32,9500 Wil SG,K121,Fürstenlandstrasse 32 9500 Wil SG,"('47.465417849999994', '9.057414672773408')"
150,SG,Hirslanden Klinik Stephanshorn,Brauerstrasse 95,9016 St. Gallen,K121,Brauerstrasse 95 9016 St. Gallen,"('47.4455037', '9.412115141345797')"
151,SG,Spital Linth,Gasterstrasse 25,8730 Uznach,K122,Gasterstrasse 25 8730 Uznach,"('47.223823', '8.9942464')"
152,SG,Psychiatrie St.Gallen Nord,Zürcherstrasse 30,9500 Wil SG,K211,Zürcherstrasse 30 9500 Wil SG,"('47.4652815', '9.0365649')"
153,SG,Psychiatrie-Dienste Süd,,7312 Pfäfers,K211,nan 7312 Pfäfers,"(46.99041645885142, 9.501244131643228)"
154,SG,Klinik Sonnenhof Kinder- & Jugendpsychiatrisches Zentrum,Sonnenhofstrasse 15,9608 Ganterschwil,K212,Sonnenhofstrasse 15 9608 Ganterschwil,"('47.3808625', '9.0864472')"
155,SG,Kliniken Valens,Taminaplatz 1,7317 Valens,K221,Taminaplatz 1 7317 Valens,"('46.969679', '9.482507559880208')"
156,SG,Oberwaid AG,Rorschacher Strasse 311,9016 St. Gallen,K221,Rorschacher Strasse 311 9016 St. Gallen,"('47.4514245', '9.4197485')"
157,SG,Berit Klinik Wattwil,Steig 48,9630 Wattwil,K231,Steig 48 9630 Wattwil,"('47.2988801', '9.0826745')"
158,SG,Rosenklinik AG,Güterstrasse 21/23,8640 Rapperswil-Jona,K231,Güterstrasse 21/23 8640 Rapperswil-Jona,"('47.225456', '8.819667')"
159,SG,Thurklinik AG,Bahnhofstrasse 123a,9244 Niederuzwil,K231,Bahnhofstrasse 123a 9244 Niederuzwil,"('47.4445539', '9.141266549106994')"
160,SG,Berit Klinik Goldach,Klosterstrasse 19,9403 Goldach,K231,Klosterstrasse 19 9403 Goldach,"('47.4752315', '9.47456794993623')"
161,SG,Geburtshaus St.Gallen GmbH,Lindenstrasse 71,9000 St. Gallen,K232,Lindenstrasse 71 9000 St. Gallen,"('47.43309315', '9.393291750000001')"
162,SG,Stiftung Ostschweizer Kinderspital,Claudiusstrasse 6,9006 St. Gallen,K233,Claudiusstrasse 6 9006 St. Gallen,"('47.429819800000004', '9.39388062565607')"
163,SG,Geriatrische Klinik St. Gallen,Rorschacher Strasse 94,9000 St. Gallen,K234,Rorschacher Strasse 94 9000 St. Gallen,"('47.4283194', '9.3891221')"
164,SH,Spitäler Schaffhausen,Geissbergstrasse 81,8208 Schaffhausen,K112,Geissbergstrasse 81 8208 Schaffhausen,"('47.7120231', '8.6353249')"
165,SH,SMN - Privatklinik Belair,Rietstrasse 30,8200 Schaffhausen,K231,Rietstrasse 30 8200 Schaffhausen,"('47.70107935', '8.623837384174312')"
166,SO,Solothurner Spitäler AG,Schöngrünstrasse 36a,4500 Solothurn,K112,Schöngrünstrasse 36a 4500 Solothurn,"('47.20024735', '7.53811005')"
167,SO,SMN - Privatklinik Obach,Leopoldstrasse 5,4500 Solothurn,K231,Leopoldstrasse 5 4500 Solothurn,"('47.2047793', '7.5311262')"
168,SO,Pallas Kliniken AG,Louis-Giroud­Strasse 20,4600 Olten,K235,Louis-Giroud­Strasse 20 4600 Olten,"('47.3468946', '7.9096203')"
169,SZ,Spital Schwyz,Waldeggstrasse 10,6430 Schwyz,K121,Waldeggstrasse 10 6430 Schwyz,"('47.0159242', '8.658838967151723')"
170,SZ,Spital Lachen,Oberdorfstrasse 41,8853 Lachen SZ,K121,Oberdorfstrasse 41 8853 Lachen SZ,"('47.18903315', '8.859261369071692')"
171,SZ,AMEOS Spital Einsiedeln AG,Spitalstrasse 28,8840 Einsiedeln,K122,Spitalstrasse 28 8840 Einsiedeln,"('47.1312303', '8.7395466')"
172,SZ,AMEOS Seeklinikum Brunnen AG,Gersauerstrasse 8,6440 Brunnen,K212,Gersauerstrasse 8 6440 Brunnen,"('46.99614255', '8.604675155246708')"
173,SZ,Vista Klinik Pfäffikon AG,Bahnhofstrasse 15,8808 Pfäffikon,K235,Bahnhofstrasse 15 8808 Pfäffikon,"('47.2027368', '8.7777541')"
174,TG,Spital Thurgau AG Kantonsspitäler Frauenfeld & Münsterlingen,Waldeggstrasse 8a,8501 Frauenfeld,K112,Waldeggstrasse 8a 8501 Frauenfeld,"('47.5497687', '8.9117667')"
175,TG,Herz-Neuro-Zentrum Bodensee AG,Spitalstrasse 15,8596 Münsterlingen,K123,Spitalstrasse 15 8596 Münsterlingen,"('47.62956065', '9.238237533933713')"
176,TG,Spital Thurgau AG Psychiatrische Klinik Münsterlingen,Seeblickstrasse 3,8596 Münsterlingen,K211,Seeblickstrasse 3 8596 Münsterlingen,"('47.63285005', '9.233741771224821')"
177,TG,Clienia Littenheid AG Klinik für Psychiatrie und Psychotherapie,Hauptstrasse 130,9573 Littenheid,K211,Hauptstrasse 130 9573 Littenheid,"('47.4405146', '9.007993525019856')"
178,TG,Klinik Aadorf AG Klinische Psychotherapie,Fohrenbergstrasse 23,8355 Aadorf,K212,Fohrenbergstrasse 23 8355 Aadorf,"('47.4897677', '8.9099651')"
179,TG,Rehaklinik Zihlschlacht AG Neurologisches Rehabilitationszentrum,Hauptstrasse 2­4,8588 Zihlschlacht,K221,Hauptstrasse 2­4 8588 Zihlschlacht,"('47.518903949999995', '9.258591423913039')"
180,TG,Rehaklinik Dussnang AG,Kurhausstrasse 34,8374 Dussnang,K221,Kurhausstrasse 34 8374 Dussnang,"('47.4301556', '8.9634195')"
181,TG,Klinik Schloss Mammern AG,Dr. A. O. Fleisch­Strasse 3,8265 Mammern,K221,Dr. A. O. Fleisch­Strasse 3 8265 Mammern,"('47.64632615', '8.919026763527983')"
182,TG,Spital Thurgau AG Klinik St. Katharinental,St. Katharinental,8253 Diessenhofen,K221,St. Katharinental 8253 Diessenhofen,"('47.6914817', '8.736693')"
183,TG,Tertianum AG Klinik Tertianum Neutal,Seestrasse 101,8267 Berlingen,K221,Seestrasse 101 8267 Berlingen,"('47.6746775', '9.0179747')"
184,TG,Klinik Seeschau AG,Bernrainstrasse 17,8280 Kreuzlingen,K231,Bernrainstrasse 17 8280 Kreuzlingen,"('47.645751849999996', '9.161863949296642')"
185,TG,Venenklinik Bellevue AG,Brückenstrasse 9,8280 Kreuzlingen,K231,Brückenstrasse 9 8280 Kreuzlingen,"('47.6534585', '9.168826648914635')"
186,TI,EOC Ente ospedaliero cantonale,Viale Officina 3,6500 Bellinzona,K112,Viale Officina 3 6500 Bellinzona,"('46.1956924', '9.0253184')"
187,TI,Clinica Luganese Moncucco SA,Via Moncucco 10,6900 Lugano,K121,Via Moncucco 10 6900 Lugano,"('46.0051223', '8.94046066533572')"
188,TI,SMN - Clinica Sant'Anna,Via Sant'Anna 1,6924 Sorengo,K123,Via Sant'Anna 1 6924 Sorengo,"('46.0001975', '8.9396293')"
189,TI,Clinica Luganese Moncucco SA Clinica Santa Chiara SA,Via Moncucco 10,6900 Lugano,K123,Via Moncucco 10 6900 Lugano,"('46.0051223', '8.94046066533572')"
190,TI,Clinica psichiatrica cantonale,Via Agostino Maspoli,6850 Mendrisio,K212,Via Agostino Maspoli 6850 Mendrisio,"('45.8636744', '8.9801111')"
191,TI,Clinica Santa Croce SA,Via al Parco 27,6644 Orselina,K212,Via al Parco 27 6644 Orselina,"('46.17847285', '8.797603462750258')"
192,TI,Clinica Viarnetto SA,Via Ceresio 34b,6963 Pregassona,K212,Via Ceresio 34b 6963 Pregassona,"('46.0199735', '8.9652586')"
193,TI,Ospedale Malcantonese Fondazione Giuseppe Rossi,,6980 Castelrotto,K212,nan 6980 Castelrotto,"(45.99205822503336, 8.839163912271964)"
194,TI,Clinica Hildebrand - Centro di riabilitazione Brissago,Via Crodolo 18,6614 Brissago,K221,Via Crodolo 18 6614 Brissago,"('46.12399585', '8.71443956421226')"
195,TI,SMN - Clinica Ars Medica,Via Grumo 16,6929 Gravesano,K231,Via Grumo 16 6929 Gravesano,"('46.039876199999995', '8.92419850771088')"
196,TI,Clinica Fondazione G. Varini,Via Consiglio Mezzano 38,6644 Orselina,K235,Via Consiglio Mezzano 38 6644 Orselina,"('46.17771105', '8.800338394200635')"
197,TI,Clinica Dr Spinedi c/o Clinica Santa Croce SA a.c.a. sig. Luca Santagostino,Via al Parco 27,6644 Orselina,K235,Via al Parco 27 6644 Orselina,"('46.17847285', '8.797603462750258')"
198,UR,Kantonsspital Uri,Spitalstrasse 1,6460 Altdorf UR,K122,Spitalstrasse 1 6460 Altdorf UR,"('46.8823383', '8.637246027024268')"
199,VD,CHUV Centre Hospitalier Universitaire Vaudois,Rue du Bugnon 21,1011 Lausanne,K111,Rue du Bugnon 21 1011 Lausanne,"('46.524954750000006', '6.640620278244347')"
200,VD,Hôpital Riviera-Chablais Vaud-Valais,Route du Vieux Séquoia 20,1847 Rennaz,K112,Route du Vieux Séquoia 20 1847 Rennaz,"('46.37971385', '6.920910929804574')"
201,VD,EHC Ensemble hospitalier de la Côte,Chemin du Crêt 2,1110 Morges,K112,Chemin du Crêt 2 1110 Morges,"('46.5221664', '6.499792298524471')"
202,VD,Etablissements Hospitaliers du Nord Vaudois (eHnv),Rue d'Entremonts 11,1400 Yverdon­les­Bains,K112,Rue d'Entremonts 11 1400 Yverdon­les­Bains,"(46.77155222630259, 6.646384425806953)"
203,VD,Groupement Hospitalier de l'Ouest Lémanique (GHOL) SA,Chemin Monastier 10,1260 Nyon,K121,Chemin Monastier 10 1260 Nyon,"('46.383200200000005', '6.227511477103903')"
204,VD,Hôpital Intercantonal de la Broye (HIB),Avenue de la Colline 3,1530 Payerne,K121,Avenue de la Colline 3 1530 Payerne,"('46.8194826', '6.9470885')"
205,VD,Clinique de La Source,Avenue Vinet 30,1004 Lausanne,K122,Avenue Vinet 30 1004 Lausanne,"('46.527334499999995', '6.627899109027791')"
206,VD,Clinique Cecil,Avenue Louis-Ruchonnet 53,1003 Lausanne,K122,Avenue Louis-Ruchonnet 53 1003 Lausanne,"('46.520269549999995', '6.621590669335883')"
207,VD,Clinique Bois-Cerf,Avenue d'Ouchy 31,1006 Lausanne,K122,Avenue d'Ouchy 31 1006 Lausanne,"('46.511882', '6.630548170650359')"
208,VD,GSMN Schweiz AG Clinique de Genolier,Route du Muids 3,1272 Genolier,K122,Route du Muids 3 1272 Genolier,"('46.4448924', '6.216334692508047')"
209,VD,Réseau Santé Balcon du Jura.vd (RSBJ),Rue des Rosiers 29,1450 Ste­Croix,K123,Rue des Rosiers 29 1450 Ste­Croix,"(46.81917931290408, 6.494785725809348)"
210,VD,Pôle santé du Pays-d'Enhaut,Route de l'Hôpital 17,1660 Château­d'Oex,K123,Route de l'Hôpital 17 1660 Château­d'Oex,"(46.477979785935275, 7.140732312877342)"
211,VD,Pôle santé Vallée de Joux - Hôpital de la Vallée de Joux,Rue de l_x0019_ Hôpital 3,1347 Le Sentier,K123,Rue de l_x0019_ Hôpital 3 1347 Le Sentier,"(46.601670856854504, 6.221520183468147)"
212,VD,Secteur Psychiatrique Est Fondation de Nant,Route de Nant,1804 Corsier­sur­Vevey,K212,Route de Nant 1804 Corsier­sur­Vevey,"(46.4608938570483, 6.848237689310189)"
213,VD,Clinique Privée La Métairie Sàrl,Avenue de Bois­Bougy 8,1260 Nyon,K212,Avenue de Bois­Bougy 8 1260 Nyon,"(46.373444448839166, 6.228531411738368)"
214,VD,Clinique la Lignière,La Lignière 5,1196 Gland,K221,La Lignière 5 1196 Gland,"('46.42636575', '6.288712786015482')"
215,VD,Clinique Bois-Bougy Sàrl,Avenue de Bois­Bougy 6,1260 Nyon,K221,Avenue de Bois­Bougy 6 1260 Nyon,"(46.37260092341189, 6.2289205554087665)"
216,VD,Hôpital de Lavaux,Chemin des Colombaires 31,1096 Cully,K221,Chemin des Colombaires 31 1096 Cully,"('46.490526', '6.725280338573943')"
217,VD,GSMN Schweiz AG Clinique Valmont,Route de Valmont,1823 Glion,K221,Route de Valmont 1823 Glion,"('46.42901', '6.9291935')"
218,VD,Institution de Lavigny,Route du Vignoble 60,1175 Lavigny,K221,Route du Vignoble 60 1175 Lavigny,"('46.5036808', '6.41243768324808')"
219,VD,Clinique CIC Riviera,Rue du Grammont 2,1815 Clarens,K231,Rue du Grammont 2 1815 Clarens,"('46.4408788', '6.892107263527887')"
220,VD,GSMN Schweiz AG Clinique de Montchoisi,Chemin des Allinges 10,1006 Lausanne,K231,Chemin des Allinges 10 1006 Lausanne,"('46.50977055', '6.635673599999999')"
221,VD,Clinique la Prairie SA,Rue du Lac 142,1815 Clarens,K235,Rue du Lac 142 1815 Clarens,"('46.44330315', '6.88422957076142')"
222,VD,"Biotonus, Clinique Bon-Port SA centre de soins médicaux & esthétiques",Rue Bon-Port 27,1820 Montreux,K235,Rue Bon-Port 27 1820 Montreux,"('46.42927235', '6.919623223857144')"
223,VD,Fondation Rive-Neuve - Unité de Soins Palliatifs,Chemin des Cuarroz 57,1807 Blonay,K235,Chemin des Cuarroz 57 1807 Blonay,"('46.463817649999996', '6.8818215434799574')"
224,VD,Hôpital Ophtalmique Jules Gonin Fondation Asile des Aveugles,Avenue de France 15,1004 Lausanne,K235,Avenue de France 15 1004 Lausanne,"('46.524432450000006', '6.6229666550233075')"
225,VS,Hôpital du Valais - Centre hospitalier du Valais Romand CHVR,Avenue du Grand-Champsec 80,1950 Sion,K112,Avenue du Grand-Champsec 80 1950 Sion,"('46.2354076', '7.387137663996082')"
226,VS,Spital Wallis - Spitalzentrum Oberwallis (SZO),Pflanzettastrasse 8,3930 Visp,K112,Pflanzettastrasse 8 3930 Visp,"('46.2873619', '7.883631783495376')"
227,VS,Clinique romande de réadaptation CRR (Suva),Avenue du Grand­Champsec 90,1950 Sion,K221,Avenue du Grand­Champsec 90 1950 Sion,"(46.236065534238676, 7.389032514177662)"
228,VS,Leukerbad Clinic RZL Rehabilitationszentrum Leukerbad Clinic AG,Willy­Spühlerstrasse 2,3954 Leukerbad,K221,Willy­Spühlerstrasse 2 3954 Leukerbad,"(46.37771474610369, 7.62643609533256)"
229,VS,SMN - Clinique de Valère,Rue de Pré­Fleuri 16,1950 Sion,K231,Rue de Pré­Fleuri 16 1950 Sion,"(46.23035397985536, 7.356979326879723)"
230,VS,Clinique CIC Valais SA,Route du Léman 29,1907 Saxon,K231,Route du Léman 29 1907 Saxon,"('46.1438474', '7.1641344')"
231,ZG,Zuger Kantonsspital AG,Landhausstrasse 11,6340 Baar,K112,Landhausstrasse 11 6340 Baar,"('47.193945', '8.517925949638997')"
232,ZG,Andreas Klinik,Rigistrasse 1,6330 Cham,K122,Rigistrasse 1 6330 Cham,"('47.1811576', '8.4550524')"
233,ZG,Triaplus AG,Widenstrasse 55,6317 Oberwil bei Zug,K211,Widenstrasse 55 6317 Oberwil bei Zug,"(47.14409403850748, 8.512506251261897)"
234,ZG,Klinik Meissenberg AG,Meisenbergstrasse 17,6300 Zug,K212,Meisenbergstrasse 17 6300 Zug,"('47.15329405', '8.515017607585737')"
235,ZG,Klinik Adelheid AG,Höhenweg 71,6314 Unterägeri,K221,Höhenweg 71 6314 Unterägeri,"('47.141298500000005', '8.59126635602843')"
236,ZH,Universitätsspital Zürich,Rämistrasse 100,8091 Zürich,K111,Rämistrasse 100 8091 Zürich,"('47.377745149999996', '8.551416736238977')"
237,ZH,Kantonsspital Winterthur,Brauerstrasse 15,8400 Winterthur,K112,Brauerstrasse 15 8400 Winterthur,"('47.506873', '8.728515067233012')"
238,ZH,Stadtspital Triemli,Birmensdorferstrasse 497,8063 Zürich,K112,Birmensdorferstrasse 497 8063 Zürich,"('47.3664471', '8.497290184035592')"
239,ZH,Klinik Hirslanden AG,Witellikerstrasse 40,8008 Zürich,K112,Witellikerstrasse 40 8008 Zürich,"('47.351004849999995', '8.576095003599274')"
240,ZH,Stadtspital Waid,Tièchestrasse 99,8037 Zürich,K112,Tièchestrasse 99 8037 Zürich,"('47.39840615', '8.520246486538461')"
241,ZH,Spital Limmattal,Urdorferstrasse 100,8952 Schlieren,K112,Urdorferstrasse 100 8952 Schlieren,"('47.393806', '8.4323616')"
242,ZH,Spital Zollikerberg,Trichtenhauserstrasse 20,8125 Zollikerberg,K112,Trichtenhauserstrasse 20 8125 Zollikerberg,"('47.3491343', '8.59782')"
243,ZH,Spital Bülach AG,Spitalstrasse 24,8180 Bülach,K112,Spitalstrasse 24 8180 Bülach,"('47.52125735', '8.533727992374335')"
244,ZH,Spital Uster,Brunnenstrasse 42,8610 Uster,K112,Brunnenstrasse 42 8610 Uster,"('47.352957950000004', '8.724303488212723')"
245,ZH,See-Spital,Asylstrasse 19,8810 Horgen,K112,Asylstrasse 19 8810 Horgen,"('47.262713500000004', '8.589476181923574')"
246,ZH,GZO Spital Wetzikon,Spitalstrasse 66,8620 Wetzikon ZH,K112,Spitalstrasse 66 8620 Wetzikon ZH,"('47.3199864', '8.7961325')"
247,ZH,Spital Männedorf AG,Asylstrasse 10,8708 Männedorf,K121,Asylstrasse 10 8708 Männedorf,"('47.250619', '8.697132')"
248,ZH,Spital Affoltern AG,Sonnenbergstrasse 27,8910 Affoltern am Albis,K122,Sonnenbergstrasse 27 8910 Affoltern am Albis,"('47.286007', '8.4557793')"
249,ZH,Klinik Im Park,Seestrasse 220,8002 Zürich,K122,Seestrasse 220 8002 Zürich,"('47.3525221', '8.5316609')"
250,ZH,GSMN Schweiz AG - Privatklinik Bethanien,Toblerstrasse 51,8044 Zürich,K122,Toblerstrasse 51 8044 Zürich,"('47.3810423', '8.5571267')"
251,ZH,Psychiatrische Universitäts-Klinik Zürich,Lenggstrasse 31,8032 Zürich,K211,Lenggstrasse 31 8032 Zürich,"('47.35316995', '8.570385554859762')"
252,ZH,Integrierte Psychiatrie Winterthur IPW,Wieshofstrasse 102,8408 Winterthur,K211,Wieshofstrasse 102 8408 Winterthur,"('47.5071348', '8.6843537')"
253,ZH,Clienia Schlössli AG,Schlösslistrasse 8,8618 Oetwil am See,K211,Schlösslistrasse 8 8618 Oetwil am See,"('47.2696103', '8.72071')"
254,ZH,Sanatorium Kilchberg,Alte Landstrasse 70,8802 Kilchberg ZH,K211,Alte Landstrasse 70 8802 Kilchberg ZH,"('47.32730085', '8.543139050412456')"
255,ZH,Forel Klinik AG,Islikonerstrasse 5,8548 Ellikon an der Thur,K212,Islikonerstrasse 5 8548 Ellikon an der Thur,"('47.560688049999996', '8.825607354687648')"
256,ZH,Privatklinik Hohenegg AG,Hohenegg 1,8706 Meilen,K212,Hohenegg 1 8706 Meilen,"('47.2739951', '8.6609209')"
257,ZH,Suchtfachklinik Zürich,Emil-Klöti-Strasse 14-18,8037 Zürich,K212,Emil-Klöti-Strasse 14-18 8037 Zürich,"('47.3997952', '8.5189284')"
258,ZH,Modellstation SOMOSA,Zum Park 20,8404 Winterthur,K212,Zum Park 20 8404 Winterthur,"('47.50636575', '8.764869611680572')"
259,ZH,Zürcher RehaZentrum Wald,Faltigbergstrasse 7,8636 Wald ZH,K221,Faltigbergstrasse 7 8636 Wald ZH,"('47.2762453', '8.9424936')"
260,ZH,Zürcher RehaZentrum Davos c/o Zürcher RehaZentrum Wald,Faltigbergstrasse 7,8636 Wald ZH,K221,Faltigbergstrasse 7 8636 Wald ZH,"('47.2762453', '8.9424936')"
261,ZH,Zurzach Care Rehaklinik Kilchberg,Grütstrasse 60,8802 Kilchberg ZH,K221,Grütstrasse 60 8802 Kilchberg ZH,"('47.3208167', '8.5355905')"
262,ZH,Zurzach Care Rehaklinik Zollikerberg,Trichtenhauserstrasse 20,8125 Zollikerberg,K221,Trichtenhauserstrasse 20 8125 Zollikerberg,"('47.3491343', '8.59782')"
263,ZH,Universitätsklinik Balgrist,Forchstrasse 340,8008 Zürich,K231,Forchstrasse 340 8008 Zürich,"('47.3534767', '8.575110994381966')"
264,ZH,Schulthess Klinik,Lengghalde 2,8008 Zürich,K231,Lengghalde 2 8008 Zürich,"('47.352124', '8.5732296')"
265,ZH,GSMN Schweiz AG - Privatklinik Lindberg,Schickstrasse 11,8400 Winterthur,K231,Schickstrasse 11 8400 Winterthur,"('47.5101955', '8.7301421')"
266,ZH,Limmatklinik AG,Hardturmstrasse 133,8005 Zürich,K231,Hardturmstrasse 133 8005 Zürich,"('47.39297955', '8.513363954385571')"
267,ZH,Uroviva Klinik AG,Zürichstrasse 5,8180 Bülach,K231,Zürichstrasse 5 8180 Bülach,"('47.5155228', '8.542532671916383')"
268,ZH,Klinik Pyramide am See AG,Bellerivestrasse 34,8008 Zürich,K231,Bellerivestrasse 34 8008 Zürich,"('47.35806605', '8.54891830828273')"
269,ZH,Adus Medica AG,Breitestrasse 11,8157 Dielsdorf,K231,Breitestrasse 11 8157 Dielsdorf,"('47.4785723', '8.4512043')"
270,ZH,Klinik Tiefenbrunnen AG,Dammstrasse 29,8702 Zollikon,K231,Dammstrasse 29 8702 Zollikon,"('47.3436113', '8.568190148838013')"
271,ZH,Eulachklinik AG,Brunngasse 6,8400 Winterthur,K231,Brunngasse 6 8400 Winterthur,"('47.5053184', '8.7252248')"
272,ZH,Geburtshaus Zürcher Oberland AG,Schürlistrasse 3,8344 Bäretswil,K232,Schürlistrasse 3 8344 Bäretswil,"('47.332369400000005', '8.847260139181286')"
273,ZH,Geburtshaus Delphys,Badenerstrasse 177,8003 Zürich,K232,Badenerstrasse 177 8003 Zürich,"('47.3746669', '8.5199423')"
274,ZH,Universitäts-Kinderspital Zürich - Das Spital der Eleonorenstiftung,Steinwiesstrasse 75,8032 Zürich,K233,Steinwiesstrasse 75 8032 Zürich,"('47.3717663', '8.558326355291921')"
275,ZH,Klinik Lengg AG,Bleulerstrasse 60,8008 Zürich,K235,Bleulerstrasse 60 8008 Zürich,"('47.34832874999999', '8.569175328883581')"
276,ZH,Klinik Susenberg,Schreberweg 9,8044 Zürich,K235,Schreberweg 9 8044 Zürich,"('47.37678655', '8.568354541087219')"
277,ZH,Sune-Egge,Konradstrasse 62,8005 Zürich,K235,Konradstrasse 62 8005 Zürich,"('47.3817249', '8.534164911293438')"
278,,Alle Betriebe - Tous les établissements - Tutti gli stabilimenti,,,,nan nan,"('40.4194843', '-3.7076302')"
